idna_subject,checker_type,destination,source,tested_at,session_id
0-10-7-app.agent.datadoghq.com,AVAILABILITY,domains.list,domains.list,2021-07-01 20:13:33.816893,a7aa659d3fd5ff609e9e03a4
0-ftp.aweber.com,AVAILABILITY,domains.list,domains.list,2021-07-01 20:13:34.167204,a7aa659d3fd5ff609e9e03a4
0.0.0.0cdn-102.statdynamic.com,AVAILABILITY,domains.list,domains.list,2021-07-01 20:13:34.330808,a7aa659d3fd5ff609e9e03a4
0.0.0.0cdn.adx1.com,AVAILABILITY,domains.list,domains.list,2021-07-01 20:13:34.652363,a7aa659d3fd5ff609e9e03a4
0.0.0.0hb.adx1.com,AVAILABILITY,domains.list,domains.list,2021-07-01 20:13:40.258861,a7aa659d3fd5ff609e9e03a4
0.0.0.0img.sedoparking.com,AVAILABILITY,domains.list,domains.list,2021-07-01 20:13:40.688151,a7aa659d3fd5ff609e9e03a4
0.0.0.0public21.bravenet.com,AVAILABILITY,domains.list,domains.list,2021-07-01 20:13:41.102908,a7aa659d3fd5ff609e9e03a4
0.0.0.0rtb.adx1.com,AVAILABILITY,domains.list,domains.list,2021-07-01 20:13:41.859755,a7aa659d3fd5ff609e9e03a4
0.0.0.0s.moatpixel.com,AVAILABILITY,domains.list,domains.list,2021-07-01 20:13:42.604307,a7aa659d3fd5ff609e9e03a4
0.0.0.0www.sedoparking.com,AVAILABILITY,domains.list,domains.list,2021-07-01 20:13:42.932710,a7aa659d3fd5ff609e9e03a4
0.0.0.0www1.sedoparking.com,AVAILABILITY,domains.list,domains.list,2021-07-01 20:13:43.391473,a7aa659d3fd5ff609e9e03a4
0.0.0.0www2.sedoparking.com,AVAILABILITY,domains.list,domains.list,2021-07-01 20:13:44.738970,a7aa659d3fd5ff609e9e03a4
0.0.0.0www4.sedoparking.com,AVAILABILITY,domains.list,domains.list,2021-07-01 20:14:01.512798,a7aa659d3fd5ff609e9e03a4
0.0.0.0xml.adx1.com,AVAILABILITY,domains.list,domains.list,2021-07-01 20:14:07.158300,a7aa659d3fd5ff609e9e03a4
0.0.0cdn-102.statdynamic.com,AVAILABILITY,domains.list,domains.list,2021-07-01 20:14:07.296902,a7aa659d3fd5ff609e9e03a4
0.0.0cdn.adx1.com,AVAILABILITY,domains.list,domains.list,2021-07-01 20:14:13.010613,a7aa659d3fd5ff609e9e03a4
0.0.0hb.adx1.com,AVAILABILITY,domains.list,domains.list,2021-07-01 20:14:13.380623,a7aa659d3fd5ff609e9e03a4
0.0.0rtb.adx1.com,AVAILABILITY,domains.list,domains.list,2021-07-01 20:14:20.145402,a7aa659d3fd5ff609e9e03a4
0.0.0www.sedoparking.com,AVAILABILITY,domains.list,domains.list,2021-07-01 20:14:25.739680,a7aa659d3fd5ff609e9e03a4
0.0.0www4.sedoparking.com,AVAILABILITY,domains.list,domains.list,2021-07-01 20:14:26.582686,a7aa659d3fd5ff609e9e03a4
0.0.0xml.adx1.com,AVAILABILITY,domains.list,domains.list,2021-07-01 20:14:28.730138,a7aa659d3fd5ff609e9e03a4
0.0.1go.webrewardstream.com,AVAILABILITY,domains.list,domains.list,2021-07-01 20:14:30.205998,a7aa659d3fd5ff609e9e03a4
0.0.1rtb.adx1.com,AVAILABILITY,domains.list,domains.list,2021-07-01 20:14:35.877195,a7aa659d3fd5ff609e9e03a4
0.0.1www.sedoparking.com,AVAILABILITY,domains.list,domains.list,2021-07-01 20:14:41.794841,a7aa659d3fd5ff609e9e03a4
0.0.250analytics.com,AVAILABILITY,domains.list,domains.list,2021-07-01 20:14:41.964408,a7aa659d3fd5ff609e9e03a4
0.0.exactag.com,AVAILABILITY,domains.list,domains.list,2021-07-01 20:14:46.241717,a7aa659d3fd5ff609e9e03a4
0.0.pages03.net,AVAILABILITY,domains.list,domains.list,2021-07-01 20:14:48.240521,a7aa659d3fd5ff609e9e03a4
0.0cdn-102.statdynamic.com,AVAILABILITY,domains.list,domains.list,2021-07-01 20:14:48.369478,a7aa659d3fd5ff609e9e03a4
0.0cdn.adx1.com,AVAILABILITY,domains.list,domains.list,2021-07-01 20:14:48.869455,a7aa659d3fd5ff609e9e03a4
0.0hb.adx1.com,AVAILABILITY,domains.list,domains.list,2021-07-01 20:14:49.233624,a7aa659d3fd5ff609e9e03a4
0.0rtb.adx1.com,AVAILABILITY,domains.list,domains.list,2021-07-01 20:14:49.549307,a7aa659d3fd5ff609e9e03a4
0.0www2.sedoparking.com,AVAILABILITY,domains.list,domains.list,2021-07-01 20:14:50.261474,a7aa659d3fd5ff609e9e03a4
0.0www4.sedoparking.com,AVAILABILITY,domains.list,domains.list,2021-07-01 20:14:50.989173,a7aa659d3fd5ff609e9e03a4
0.0xml.adx1.com,AVAILABILITY,domains.list,domains.list,2021-07-01 20:14:51.493727,a7aa659d3fd5ff609e9e03a4
0.15manifest.hop.clickbank.net,AVAILABILITY,domains.list,domains.list,2021-07-01 20:14:57.081629,a7aa659d3fd5ff609e9e03a4
0.1go.webrewardstream.com,AVAILABILITY,domains.list,domains.list,2021-07-01 20:14:57.556319,a7aa659d3fd5ff609e9e03a4
0.1routerlogin.net,AVAILABILITY,domains.list,domains.list,2021-07-01 20:14:58.063362,a7aa659d3fd5ff609e9e03a4
0.1rtb.adx1.com,AVAILABILITY,domains.list,domains.list,2021-07-01 20:14:58.379370,a7aa659d3fd5ff609e9e03a4
0.201nf6hixc.micpn.com,AVAILABILITY,domains.list,domains.list,2021-07-01 20:14:58.507226,a7aa659d3fd5ff609e9e03a4
0.20cdn.adx1.com,AVAILABILITY,domains.list,domains.list,2021-07-01 20:14:58.740470,a7aa659d3fd5ff609e9e03a4
0.250analytics.com,AVAILABILITY,domains.list,domains.list,2021-07-01 20:15:04.180276,a7aa659d3fd5ff609e9e03a4
0.accountkit.com,AVAILABILITY,domains.list,domains.list,2021-07-01 20:15:04.577370,a7aa659d3fd5ff609e9e03a4
0.adnxs.com,AVAILABILITY,domains.list,domains.list,2021-07-01 20:15:04.756361,a7aa659d3fd5ff609e9e03a4
0.adx1.com,AVAILABILITY,domains.list,domains.list,2021-07-01 20:15:05.136197,a7aa659d3fd5ff609e9e03a4
0.afs.googleadservices.com,AVAILABILITY,domains.list,domains.list,2021-07-01 20:15:05.456509,a7aa659d3fd5ff609e9e03a4
0.alburyclub.com,AVAILABILITY,domains.list,domains.list,2021-07-01 20:15:06.449221,a7aa659d3fd5ff609e9e03a4
0.amazeyou2.hop.clickbank.net,AVAILABILITY,domains.list,domains.list,2021-07-01 20:15:06.819682,a7aa659d3fd5ff609e9e03a4
0.capitalgroupp.000webhostapp.com,AVAILABILITY,domains.list,domains.list,2021-07-01 20:15:09.036497,a7aa659d3fd5ff609e9e03a4
0.clickid147.filter.clickbank.net,AVAILABILITY,domains.list,domains.list,2021-07-01 20:15:10.427529,a7aa659d3fd5ff609e9e03a4
0.de.pool.ntp.org.domain.name,AVAILABILITY,domains.list,domains.list,2021-07-01 20:15:13.070039,a7aa659d3fd5ff609e9e03a4
0.etarget.sk,AVAILABILITY,domains.list,domains.list,2021-07-01 20:15:15.648237,a7aa659d3fd5ff609e9e03a4
0.exactag.com,AVAILABILITY,domains.list,domains.list,2021-07-01 20:15:23.714556,a7aa659d3fd5ff609e9e03a4
0.extole.io,AVAILABILITY,domains.list,domains.list,2021-07-01 20:15:29.254179,a7aa659d3fd5ff609e9e03a4
0.findmedia.biz,AVAILABILITY,domains.list,domains.list,2021-07-01 20:15:29.777871,a7aa659d3fd5ff609e9e03a4
0.fls.doubleclick.net,AVAILABILITY,domains.list,domains.list,2021-07-01 20:15:30.242055,a7aa659d3fd5ff609e9e03a4
0.glancecdn.net,AVAILABILITY,domains.list,domains.list,2021-07-01 20:15:36.565337,a7aa659d3fd5ff609e9e03a4
0.gogorithm.com,AVAILABILITY,domains.list,domains.list,2021-07-01 20:15:36.966773,a7aa659d3fd5ff609e9e03a4
0.numerology.hop.clickbank.net,AVAILABILITY,domains.list,domains.list,2021-07-01 20:15:38.303362,a7aa659d3fd5ff609e9e03a4
0.ortb.adtelligent.com,AVAILABILITY,domains.list,domains.list,2021-07-01 20:15:39.021931,a7aa659d3fd5ff609e9e03a4
0.pages03.net,AVAILABILITY,domains.list,domains.list,2021-07-01 20:15:44.496836,a7aa659d3fd5ff609e9e03a4
0.parichowk.net,AVAILABILITY,domains.list,domains.list,2021-07-01 20:15:45.225195,a7aa659d3fd5ff609e9e03a4
0.planetdoc.info,AVAILABILITY,domains.list,domains.list,2021-07-01 20:15:47.799993,a7aa659d3fd5ff609e9e03a4
0.r.bat.bing.com,AVAILABILITY,domains.list,domains.list,2021-07-01 20:15:53.602672,a7aa659d3fd5ff609e9e03a4
0.racingturtlesg07.000webhostapp.com,AVAILABILITY,domains.list,domains.list,2021-07-01 20:16:01.405878,a7aa659d3fd5ff609e9e03a4
0.reviveher.hop.clickbank.net,AVAILABILITY,domains.list,domains.list,2021-07-01 20:16:03.762454,a7aa659d3fd5ff609e9e03a4
0.servedbyadbutler.com,AVAILABILITY,domains.list,domains.list,2021-07-01 20:16:09.538329,a7aa659d3fd5ff609e9e03a4
0.tradedoubler.com,AVAILABILITY,domains.list,domains.list,2021-07-01 20:16:12.602719,a7aa659d3fd5ff609e9e03a4
0.vdo.ai,AVAILABILITY,domains.list,domains.list,2021-07-01 20:16:23.359877,a7aa659d3fd5ff609e9e03a4
0.water-cooled-cycles.000webhostapp.com,AVAILABILITY,domains.list,domains.list,2021-07-01 20:16:31.387693,a7aa659d3fd5ff609e9e03a4
0.www.ato.mx,AVAILABILITY,domains.list,domains.list,2021-07-01 20:16:31.661284,a7aa659d3fd5ff609e9e03a4
0.xmlfeed-usa.adtelligent.com,AVAILABILITY,domains.list,domains.list,2021-07-01 20:16:31.808224,a7aa659d3fd5ff609e9e03a4
0.xmlfeed.adtelligent.com,AVAILABILITY,domains.list,domains.list,2021-07-01 20:16:33.139823,a7aa659d3fd5ff609e9e03a4
0.yotyub.com,AVAILABILITY,domains.list,domains.list,2021-07-01 20:16:45.682816,a7aa659d3fd5ff609e9e03a4
00-4-008001-07-04.nrb.footprintdns.com,AVAILABILITY,domains.list,domains.list,2021-07-01 20:16:51.286127,a7aa659d3fd5ff609e9e03a4
00.250analytics.com,AVAILABILITY,domains.list,domains.list,2021-07-01 20:16:51.482945,a7aa659d3fd5ff609e9e03a4
00.config.parsely.com,AVAILABILITY,domains.list,domains.list,2021-07-01 20:16:52.591536,a7aa659d3fd5ff609e9e03a4
00.creativecdn.com,AVAILABILITY,domains.list,domains.list,2021-07-01 20:16:54.576612,a7aa659d3fd5ff609e9e03a4
00.exactag.com,AVAILABILITY,domains.list,domains.list,2021-07-01 20:16:57.520371,a7aa659d3fd5ff609e9e03a4
00.glancecdn.net,AVAILABILITY,domains.list,domains.list,2021-07-01 20:16:58.191575,a7aa659d3fd5ff609e9e03a4
00.gogorithm.com,AVAILABILITY,domains.list,domains.list,2021-07-01 20:16:58.687492,a7aa659d3fd5ff609e9e03a4
00.nakanohito.jp,AVAILABILITY,domains.list,domains.list,2021-07-01 20:17:04.303495,a7aa659d3fd5ff609e9e03a4
00.pages03.net,AVAILABILITY,domains.list,domains.list,2021-07-01 20:17:04.676850,a7aa659d3fd5ff609e9e03a4
00.pixel.parsely.com,AVAILABILITY,domains.list,domains.list,2021-07-01 20:17:05.055158,a7aa659d3fd5ff609e9e03a4
00.planetdoc.info,AVAILABILITY,domains.list,domains.list,2021-07-01 20:17:08.483166,a7aa659d3fd5ff609e9e03a4
00.servedbyadbutler.com,AVAILABILITY,domains.list,domains.list,2021-07-01 20:17:09.220061,a7aa659d3fd5ff609e9e03a4
00.spylog.com,AVAILABILITY,domains.list,domains.list,2021-07-01 20:17:10.310346,a7aa659d3fd5ff609e9e03a4
00.ulink.adjust.com,AVAILABILITY,domains.list,domains.list,2021-07-01 20:17:10.633409,a7aa659d3fd5ff609e9e03a4
00.www.ato.mx,AVAILABILITY,domains.list,domains.list,2021-07-01 20:17:17.664296,a7aa659d3fd5ff609e9e03a4
000-000-000a-0000-0006-1c051e34-211-a7248-1605989724-2e289db9-0.eu2.dotnxdomain.net.domain.name,AVAILABILITY,domains.list,domains.list,2021-07-01 20:17:20.226102,a7aa659d3fd5ff609e9e03a4
000-000-000a-0000-0006-e005785f-211-a7248-1602531487-4d2cd7cc-0.eu2.dotnxdomain.net.domain.name,AVAILABILITY,domains.list,domains.list,2021-07-01 20:17:24.772654,a7aa659d3fd5ff609e9e03a4
000-fid-040.mktoresp.com,AVAILABILITY,domains.list,domains.list,2021-07-01 20:17:30.335650,a7aa659d3fd5ff609e9e03a4
000-koy-740.mktoresp.com,AVAILABILITY,domains.list,domains.list,2021-07-01 20:17:35.761662,a7aa659d3fd5ff609e9e03a4
00000.xmlfeed.adtelligent.com,AVAILABILITY,domains.list,domains.list,2021-07-01 20:17:41.728786,a7aa659d3fd5ff609e9e03a4
000000.ads.tremorhub.com,AVAILABILITY,domains.list,domains.list,2021-07-01 20:17:47.446351,a7aa659d3fd5ff609e9e03a4
000000.deeplink.mobileapptracking.com,AVAILABILITY,domains.list,domains.list,2021-07-01 20:17:49.258237,a7aa659d3fd5ff609e9e03a4
000000.fls.doubleclick.net,AVAILABILITY,domains.list,domains.list,2021-07-01 20:17:49.877433,a7aa659d3fd5ff609e9e03a4
000000.xmlfeed.adtelligent.com,AVAILABILITY,domains.list,domains.list,2021-07-01 20:17:50.514247,a7aa659d3fd5ff609e9e03a4
0000000.rdtk.io,AVAILABILITY,domains.list,domains.list,2021-07-01 20:17:51.325948,a7aa659d3fd5ff609e9e03a4
0000000.sedoparking.com,AVAILABILITY,domains.list,domains.list,2021-07-01 20:17:51.612833,a7aa659d3fd5ff609e9e03a4
00000000.rdtk.io,AVAILABILITY,domains.list,domains.list,2021-07-01 20:17:57.362654,a7aa659d3fd5ff609e9e03a4
00000000000000000000000000000000000000dfjjjhv.000webhostapp.com,AVAILABILITY,domains.list,domains.list,2021-07-01 20:17:59.471762,a7aa659d3fd5ff609e9e03a4
000000000000000ooooo.000webhostapp.com,AVAILABILITY,domains.list,domains.list,2021-07-01 20:18:01.706918,a7aa659d3fd5ff609e9e03a4
00000000nm.000webhostapp.com,AVAILABILITY,domains.list,domains.list,2021-07-01 20:18:02.902210,a7aa659d3fd5ff609e9e03a4
0000000cc.000webhostapp.com,AVAILABILITY,domains.list,domains.list,2021-07-01 20:18:08.888147,a7aa659d3fd5ff609e9e03a4
0000bbffxzzzz900.000webhostapp.com,AVAILABILITY,domains.list,domains.list,2021-07-01 20:18:10.160623,a7aa659d3fd5ff609e9e03a4
0000id.000webhostapp.com,AVAILABILITY,domains.list,domains.list,2021-07-01 20:18:11.536575,a7aa659d3fd5ff609e9e03a4
0000shgfdskjhgfoffice365.000webhostapp.com,AVAILABILITY,domains.list,domains.list,2021-07-01 20:18:11.793039,a7aa659d3fd5ff609e9e03a4
00051756f0bf46f4e1583bccd99ae0cc.redinuid.imrworldwide.com,AVAILABILITY,domains.list,domains.list,2021-07-01 20:18:12.334161,a7aa659d3fd5ff609e9e03a4
000945.000webhostapp.com,AVAILABILITY,domains.list,domains.list,2021-07-01 20:18:18.860730,a7aa659d3fd5ff609e9e03a4
000film.000webhostapp.com,AVAILABILITY,domains.list,domains.list,2021-07-01 20:18:19.698479,a7aa659d3fd5ff609e9e03a4
000hostmeweb.000webhostapp.com,AVAILABILITY,domains.list,domains.list,2021-07-01 20:18:26.502281,a7aa659d3fd5ff609e9e03a4
000roundcube.000webhostapp.com,AVAILABILITY,domains.list,domains.list,2021-07-01 20:18:27.745207,a7aa659d3fd5ff609e9e03a4
000security-center00.mumbaicourt.000webhostapp.com,AVAILABILITY,domains.list,domains.list,2021-07-01 20:18:30.544676,a7aa659d3fd5ff609e9e03a4
000srividhya.mumbaicourt.000webhostapp.com,AVAILABILITY,domains.list,domains.list,2021-07-01 20:18:37.397034,a7aa659d3fd5ff609e9e03a4
000unlock.000webhostapp.com,AVAILABILITY,domains.list,domains.list,2021-07-01 20:18:38.654111,a7aa659d3fd5ff609e9e03a4
000webhos1.000webhostapp.com,AVAILABILITY,domains.list,domains.list,2021-07-01 20:18:39.693975,a7aa659d3fd5ff609e9e03a4
000webhost.joelgaujard.info,AVAILABILITY,domains.list,domains.list,2021-07-01 20:18:49.022482,a7aa659d3fd5ff609e9e03a4
000webhostapp.brunoalmeidanet.000webhostapp.com,AVAILABILITY,domains.list,domains.list,2021-07-01 20:18:50.437132,a7aa659d3fd5ff609e9e03a4
000webhostapp.com,AVAILABILITY,domains.list,domains.list,2021-07-01 20:18:50.925606,a7aa659d3fd5ff609e9e03a4
000webhostapp.comepizoic-figures.000webhostapp.com,AVAILABILITY,domains.list,domains.list,2021-07-01 20:18:53.097946,a7aa659d3fd5ff609e9e03a4
000webhostapp.comtentandoserfitness.000webhostapp.com,AVAILABILITY,domains.list,domains.list,2021-07-01 20:19:00.257517,a7aa659d3fd5ff609e9e03a4
000zc.000webhostapp.com,AVAILABILITY,domains.list,domains.list,2021-07-01 20:19:01.461592,a7aa659d3fd5ff609e9e03a4
001-aoq-559.mktoresp.com,AVAILABILITY,domains.list,domains.list,2021-07-01 20:19:06.936145,a7aa659d3fd5ff609e9e03a4
001-aoq-559.mktoweb.com,AVAILABILITY,domains.list,domains.list,2021-07-01 20:19:07.105425,a7aa659d3fd5ff609e9e03a4
001-lqq-569.mktoweb.com,AVAILABILITY,domains.list,domains.list,2021-07-01 20:19:07.289395,a7aa659d3fd5ff609e9e03a4
001-lxs-470.mktoweb.com,AVAILABILITY,domains.list,domains.list,2021-07-01 20:19:12.809888,a7aa659d3fd5ff609e9e03a4
001-vjx-104.mktoresp.com,AVAILABILITY,domains.list,domains.list,2021-07-01 20:19:13.143023,a7aa659d3fd5ff609e9e03a4
001-vwq-123.mktoresp.com,AVAILABILITY,domains.list,domains.list,2021-07-01 20:19:13.318519,a7aa659d3fd5ff609e9e03a4
001.articlesub.filter.clickbank.net,AVAILABILITY,domains.list,domains.list,2021-07-01 20:19:13.495255,a7aa659d3fd5ff609e9e03a4
00101606.ulink.adjust.com,AVAILABILITY,domains.list,domains.list,2021-07-01 20:19:13.679629,a7aa659d3fd5ff609e9e03a4
001fcl21220costaricaropretiro.000webhostapp.com,AVAILABILITY,domains.list,domains.list,2021-07-01 20:19:16.511659,a7aa659d3fd5ff609e9e03a4
001firma03diguitalcostarica.000webhostapp.com,AVAILABILITY,domains.list,domains.list,2021-07-01 20:19:17.962518,a7aa659d3fd5ff609e9e03a4
001webiste.000webhostapp.com,AVAILABILITY,domains.list,domains.list,2021-07-01 20:19:19.023378,a7aa659d3fd5ff609e9e03a4
002-ctp-164.mktoresp.com,AVAILABILITY,domains.list,domains.list,2021-07-01 20:19:19.361357,a7aa659d3fd5ff609e9e03a4
002-jxt-068.mktoweb.com,AVAILABILITY,domains.list,domains.list,2021-07-01 20:19:19.633175,a7aa659d3fd5ff609e9e03a4
002-ldf-436.mktoresp.com,AVAILABILITY,domains.list,domains.list,2021-07-01 20:19:19.762952,a7aa659d3fd5ff609e9e03a4
002-nhc-506.mktoweb.com,AVAILABILITY,domains.list,domains.list,2021-07-01 20:19:19.995907,a7aa659d3fd5ff609e9e03a4
002-rat-789.mktoweb.com,AVAILABILITY,domains.list,domains.list,2021-07-01 20:19:20.365720,a7aa659d3fd5ff609e9e03a4
002-sij-475.mktoresp.com,AVAILABILITY,domains.list,domains.list,2021-07-01 20:19:25.731553,a7aa659d3fd5ff609e9e03a4
002-slq-470.mktoresp.com,AVAILABILITY,domains.list,domains.list,2021-07-01 20:19:25.904822,a7aa659d3fd5ff609e9e03a4
00221.info,AVAILABILITY,domains.list,domains.list,2021-07-01 20:19:34.591260,a7aa659d3fd5ff609e9e03a4
002firma03diguitalcostarica.000webhostapp.com,AVAILABILITY,domains.list,domains.list,2021-07-01 20:19:36.119915,a7aa659d3fd5ff609e9e03a4
002gfiaq.emltrk.com,AVAILABILITY,domains.list,domains.list,2021-07-01 20:19:36.373694,a7aa659d3fd5ff609e9e03a4
003-xnb-951.mktoresp.com,AVAILABILITY,domains.list,domains.list,2021-07-01 20:19:36.680197,a7aa659d3fd5ff609e9e03a4
003-yru-314.mktoresp.com,AVAILABILITY,domains.list,domains.list,2021-07-01 20:19:36.855792,a7aa659d3fd5ff609e9e03a4
003182.parkingcrew.net,AVAILABILITY,domains.list,domains.list,2021-07-01 20:19:39.084049,a7aa659d3fd5ff609e9e03a4
0031b080.api.splkmobile.com,AVAILABILITY,domains.list,domains.list,2021-07-01 20:19:59.411233,a7aa659d3fd5ff609e9e03a4
00362c777161a3ae1b83de146c54cb66.redinuid.imrworldwide.com,AVAILABILITY,domains.list,domains.list,2021-07-01 20:20:00.386078,a7aa659d3fd5ff609e9e03a4
003firma03digiitalcostariccr003.000webhostapp.com,AVAILABILITY,domains.list,domains.list,2021-07-01 20:20:02.369682,a7aa659d3fd5ff609e9e03a4
003firma03diguitalcostarica001.000webhostapp.com,AVAILABILITY,domains.list,domains.list,2021-07-01 20:20:09.843438,a7aa659d3fd5ff609e9e03a4
004-boc-932.mktoweb.com,AVAILABILITY,domains.list,domains.list,2021-07-01 20:20:10.258749,a7aa659d3fd5ff609e9e03a4
004-btr-463.mktoresp.com,AVAILABILITY,domains.list,domains.list,2021-07-01 20:20:10.438627,a7aa659d3fd5ff609e9e03a4
004-gqe-798.mktoresp.com,AVAILABILITY,domains.list,domains.list,2021-07-01 20:20:10.643890,a7aa659d3fd5ff609e9e03a4
004-jhz-565.mktoresp.com,AVAILABILITY,domains.list,domains.list,2021-07-01 20:20:10.914173,a7aa659d3fd5ff609e9e03a4
004-kxl-870.mktoresp.com,AVAILABILITY,domains.list,domains.list,2021-07-01 20:20:11.049937,a7aa659d3fd5ff609e9e03a4
004-qsk-624.mktoresp.com,AVAILABILITY,domains.list,domains.list,2021-07-01 20:20:11.205046,a7aa659d3fd5ff609e9e03a4
004-rhk-737.mktoresp.com,AVAILABILITY,domains.list,domains.list,2021-07-01 20:20:11.684159,a7aa659d3fd5ff609e9e03a4
004-tvs-119.mktoresp.com,AVAILABILITY,domains.list,domains.list,2021-07-01 20:20:17.294062,a7aa659d3fd5ff609e9e03a4
004-wcg-174.mktoresp.com,AVAILABILITY,domains.list,domains.list,2021-07-01 20:20:17.597180,a7aa659d3fd5ff609e9e03a4
005-ekv-260.mktoresp.com,AVAILABILITY,domains.list,domains.list,2021-07-01 20:20:17.777286,a7aa659d3fd5ff609e9e03a4
005-gyu-207.mktoresp.com,AVAILABILITY,domains.list,domains.list,2021-07-01 20:20:18.007872,a7aa659d3fd5ff609e9e03a4
005-oxp-194.mktoresp.com,AVAILABILITY,domains.list,domains.list,2021-07-01 20:20:18.164700,a7aa659d3fd5ff609e9e03a4
005-qsv-218.mktoresp.com,AVAILABILITY,domains.list,domains.list,2021-07-01 20:20:18.521851,a7aa659d3fd5ff609e9e03a4
005-shs-767.mktoresp.com,AVAILABILITY,domains.list,domains.list,2021-07-01 20:20:18.650649,a7aa659d3fd5ff609e9e03a4
005-vtd-029.mktoresp.com,AVAILABILITY,domains.list,domains.list,2021-07-01 20:20:18.833936,a7aa659d3fd5ff609e9e03a4
005-xzv-404.mktoweb.com,AVAILABILITY,domains.list,domains.list,2021-07-01 20:20:24.291615,a7aa659d3fd5ff609e9e03a4
005-yzp-217.mktoweb.com,AVAILABILITY,domains.list,domains.list,2021-07-01 20:20:29.691035,a7aa659d3fd5ff609e9e03a4
005-zpz-728.mktoresp.com,AVAILABILITY,domains.list,domains.list,2021-07-01 20:20:29.895080,a7aa659d3fd5ff609e9e03a4
005.adality.de,AVAILABILITY,domains.list,domains.list,2021-07-01 20:20:30.777007,a7aa659d3fd5ff609e9e03a4
00549.000webhostapp.com,AVAILABILITY,domains.list,domains.list,2021-07-01 20:20:37.907490,a7aa659d3fd5ff609e9e03a4
006-gww-889.mktoresp.com,AVAILABILITY,domains.list,domains.list,2021-07-01 20:20:38.038555,a7aa659d3fd5ff609e9e03a4
006-lrt-285.mktoresp.com,AVAILABILITY,domains.list,domains.list,2021-07-01 20:20:38.369233,a7aa659d3fd5ff609e9e03a4
006-oma-076.mktoweb.com,AVAILABILITY,domains.list,domains.list,2021-07-01 20:20:38.666548,a7aa659d3fd5ff609e9e03a4
006-puj-446.mktoweb.com,AVAILABILITY,domains.list,domains.list,2021-07-01 20:20:44.196068,a7aa659d3fd5ff609e9e03a4
006-qey-297.mktoresp.com,AVAILABILITY,domains.list,domains.list,2021-07-01 20:20:44.491545,a7aa659d3fd5ff609e9e03a4
006-xiz-385.mktoweb.com,AVAILABILITY,domains.list,domains.list,2021-07-01 20:20:44.828349,a7aa659d3fd5ff609e9e03a4
006565.parkingcrew.net,AVAILABILITY,domains.list,domains.list,2021-07-01 20:20:45.208612,a7aa659d3fd5ff609e9e03a4
006group.000webhostapp.com,AVAILABILITY,domains.list,domains.list,2021-07-01 20:20:46.968225,a7aa659d3fd5ff609e9e03a4
006online0service0.000webhostapp.com,AVAILABILITY,domains.list,domains.list,2021-07-01 20:20:52.697298,a7aa659d3fd5ff609e9e03a4
007-bfy-805.mktoweb.com,AVAILABILITY,domains.list,domains.list,2021-07-01 20:20:52.954956,a7aa659d3fd5ff609e9e03a4
007-exf-044.mktoresp.com,AVAILABILITY,domains.list,domains.list,2021-07-01 20:20:53.176584,a7aa659d3fd5ff609e9e03a4
007-hhd-895.mktoresp.com,AVAILABILITY,domains.list,domains.list,2021-07-01 20:20:53.306425,a7aa659d3fd5ff609e9e03a4
007891051100a.000webhostapp.com,AVAILABILITY,domains.list,domains.list,2021-07-01 20:20:54.275567,a7aa659d3fd5ff609e9e03a4
007huangjiaduchangbaidu-api.iad.appboy.com,AVAILABILITY,domains.list,domains.list,2021-07-01 20:20:59.711611,a7aa659d3fd5ff609e9e03a4
007qnaif.emltrk.com,AVAILABILITY,domains.list,domains.list,2021-07-01 20:21:00.018561,a7aa659d3fd5ff609e9e03a4
007y3l3.dnset.com,AVAILABILITY,domains.list,domains.list,2021-07-01 20:21:00.759278,a7aa659d3fd5ff609e9e03a4
008-ezw-659.mktoresp.com,AVAILABILITY,domains.list,domains.list,2021-07-01 20:21:00.915640,a7aa659d3fd5ff609e9e03a4
008-gie-225.mktoresp.com,AVAILABILITY,domains.list,domains.list,2021-07-01 20:21:01.050499,a7aa659d3fd5ff609e9e03a4
008-gie-225.mktoweb.com,AVAILABILITY,domains.list,domains.list,2021-07-01 20:21:01.304659,a7aa659d3fd5ff609e9e03a4
008-mre-666.mktoresp.com,AVAILABILITY,domains.list,domains.list,2021-07-01 20:21:01.433065,a7aa659d3fd5ff609e9e03a4
008-qpq-232.mktoweb.com,AVAILABILITY,domains.list,domains.list,2021-07-01 20:21:01.751221,a7aa659d3fd5ff609e9e03a4
008-tmf-466.mktoresp.com,AVAILABILITY,domains.list,domains.list,2021-07-01 20:21:01.924501,a7aa659d3fd5ff609e9e03a4
00804.gsspcln.jp,AVAILABILITY,domains.list,domains.list,2021-07-01 20:21:07.481750,a7aa659d3fd5ff609e9e03a4
008c985f2c8f41438.crazyegg.com,AVAILABILITY,domains.list,domains.list,2021-07-01 20:21:07.604761,a7aa659d3fd5ff609e9e03a4
009-ogr-368.mktoweb.com,AVAILABILITY,domains.list,domains.list,2021-07-01 20:21:07.809011,a7aa659d3fd5ff609e9e03a4
009-rur-657.mktoresp.com,AVAILABILITY,domains.list,domains.list,2021-07-01 20:21:07.991857,a7aa659d3fd5ff609e9e03a4
009-vyh-572.mktoresp.com,AVAILABILITY,domains.list,domains.list,2021-07-01 20:21:08.148572,a7aa659d3fd5ff609e9e03a4
009-xlt-299.mktoresp.com,AVAILABILITY,domains.list,domains.list,2021-07-01 20:21:08.414203,a7aa659d3fd5ff609e9e03a4
009-zdz-611.mktoweb.com,AVAILABILITY,domains.list,domains.list,2021-07-01 20:21:08.798816,a7aa659d3fd5ff609e9e03a4
009.bapi.adsafeprotected.com,AVAILABILITY,domains.list,domains.list,2021-07-01 20:21:09.400240,a7aa659d3fd5ff609e9e03a4
0098732vb.000webhostapp.com,AVAILABILITY,domains.list,domains.list,2021-07-01 20:21:10.326395,a7aa659d3fd5ff609e9e03a4
009f63547175a2bfc8ae3d47297bdab6.redinuid.imrworldwide.com,AVAILABILITY,domains.list,domains.list,2021-07-01 20:21:11.075644,a7aa659d3fd5ff609e9e03a4
00abcd00.000webhostapp.com,AVAILABILITY,domains.list,domains.list,2021-07-01 20:21:18.142334,a7aa659d3fd5ff609e9e03a4
00b4f8aa58ccfec497bdfa67be6b54e8.redinuid.imrworldwide.com,AVAILABILITY,domains.list,domains.list,2021-07-01 20:21:18.886277,a7aa659d3fd5ff609e9e03a4
00banc0we8pichi.000webhostapp.com,AVAILABILITY,domains.list,domains.list,2021-07-01 20:21:25.310839,a7aa659d3fd5ff609e9e03a4
00be6ccd.hullapp.io,AVAILABILITY,domains.list,domains.list,2021-07-01 20:21:26.036336,a7aa659d3fd5ff609e9e03a4
00c61f5a8fb9aeb9137d952e79c4161a.redinuid.imrworldwide.com,AVAILABILITY,domains.list,domains.list,2021-07-01 20:21:26.213658,a7aa659d3fd5ff609e9e03a4
00capital0neservice.000webhostapp.com,AVAILABILITY,domains.list,domains.list,2021-07-01 20:21:27.599751,a7aa659d3fd5ff609e9e03a4
00cb22901005dd0fd2442f76773b06d8.redinuid.imrworldwide.com,AVAILABILITY,domains.list,domains.list,2021-07-01 20:21:29.485724,a7aa659d3fd5ff609e9e03a4
00du0000000itq0mak.live.boldcigate.nanorep.com,AVAILABILITY,domains.list,domains.list,2021-07-01 20:21:31.024283,a7aa659d3fd5ff609e9e03a4
00e0v7in.emltrk.com,AVAILABILITY,domains.list,domains.list,2021-07-01 20:21:31.368552,a7aa659d3fd5ff609e9e03a4
00eeqmgc.emltrk.com,AVAILABILITY,domains.list,domains.list,2021-07-01 20:21:37.017079,a7aa659d3fd5ff609e9e03a4
00f6375dd2e616d73649085c58dfed384fabe07a.cws.conviva.com,AVAILABILITY,domains.list,domains.list,2021-07-01 20:21:37.913594,a7aa659d3fd5ff609e9e03a4
00f91.static-ex.epom.com,AVAILABILITY,domains.list,domains.list,2021-07-01 20:21:49.894123,a7aa659d3fd5ff609e9e03a4
00f9868a5b1d.cdn4.forter.com,AVAILABILITY,domains.list,domains.list,2021-07-01 20:21:50.036543,a7aa659d3fd5ff609e9e03a4
00flowers.blueconic.net,AVAILABILITY,domains.list,domains.list,2021-07-01 20:21:50.410007,a7aa659d3fd5ff609e9e03a4
00fun.casalemedia.com,AVAILABILITY,domains.list,domains.list,2021-07-01 20:22:10.553685,a7aa659d3fd5ff609e9e03a4
00hvw.voluumtrk.com,AVAILABILITY,domains.list,domains.list,2021-07-01 20:22:10.703116,a7aa659d3fd5ff609e9e03a4
00iag4gb.emltrk.com,AVAILABILITY,domains.list,domains.list,2021-07-01 20:22:16.321232,a7aa659d3fd5ff609e9e03a4
00uti00k.000webhostapp.com,AVAILABILITY,domains.list,domains.list,2021-07-01 20:22:17.585856,a7aa659d3fd5ff609e9e03a4
00webhostfree.000webhostapp.com,AVAILABILITY,domains.list,domains.list,2021-07-01 20:22:18.970094,a7aa659d3fd5ff609e9e03a4
00yourslutt.adality.de,AVAILABILITY,domains.list,domains.list,2021-07-01 20:22:21.498451,a7aa659d3fd5ff609e9e03a4
01-1099pro-nym2.ad.corp.appnexus.com,AVAILABILITY,domains.list,domains.list,2021-07-01 20:22:37.418257,a7aa659d3fd5ff609e9e03a4
01-dc-den2.ad.corp.appnexus.com,AVAILABILITY,domains.list,domains.list,2021-07-01 20:22:58.686994,a7aa659d3fd5ff609e9e03a4
01-ddpe-fe-nym2.corp.appnexus.com,AVAILABILITY,domains.list,domains.list,2021-07-01 20:22:59.184780,a7aa659d3fd5ff609e9e03a4
01-ddpe-nym2.ad.corp.appnexus.com,AVAILABILITY,domains.list,domains.list,2021-07-01 20:23:04.655132,a7aa659d3fd5ff609e9e03a4
01-exch-den2.ad.corp.appnexus.com,AVAILABILITY,domains.list,domains.list,2021-07-01 20:23:14.679887,a7aa659d3fd5ff609e9e03a4
01-exchedg-fra1.corp.appnexus.com,AVAILABILITY,domains.list,domains.list,2021-07-01 20:23:20.216145,a7aa659d3fd5ff609e9e03a4
01-exchedg-nym2.corp.appnexus.com,AVAILABILITY,domains.list,domains.list,2021-07-01 20:23:20.352299,a7aa659d3fd5ff609e9e03a4
01-ion-dr-lax.ad.corp.appnexus.com,AVAILABILITY,domains.list,domains.list,2021-07-01 20:23:20.535907,a7aa659d3fd5ff609e9e03a4
01-prf-dr-lax.ad.corp.appnexus.com,AVAILABILITY,domains.list,domains.list,2021-07-01 20:23:32.826534,a7aa659d3fd5ff609e9e03a4
01-prf-test-nym.ad.corp.appnexus.com,AVAILABILITY,domains.list,domains.list,2021-07-01 20:23:34.466860,a7aa659d3fd5ff609e9e03a4
01-rds-dev-nym1.ad.corp.appnexus.com,AVAILABILITY,domains.list,domains.list,2021-07-01 20:23:34.645009,a7aa659d3fd5ff609e9e03a4
01-rds-dr-lax.ad.corp.appnexus.com,AVAILABILITY,domains.list,domains.list,2021-07-01 20:23:43.190324,a7aa659d3fd5ff609e9e03a4
01-rds-test-nym.ad.corp.appnexus.com,AVAILABILITY,domains.list,domains.list,2021-07-01 20:23:53.915150,a7aa659d3fd5ff609e9e03a4
01-sftp-nym2.ad.corp.appnexus.com,AVAILABILITY,domains.list,domains.list,2021-07-01 20:24:05.167519,a7aa659d3fd5ff609e9e03a4
01-spotapp-nym2.ad.corp.appnexus.com,AVAILABILITY,domains.list,domains.list,2021-07-01 20:24:10.516343,a7aa659d3fd5ff609e9e03a4
01-spotdb-nym2.ad.corp.appnexus.com,AVAILABILITY,domains.list,domains.list,2021-07-01 20:24:10.889633,a7aa659d3fd5ff609e9e03a4
01-spotweb-nym2.ad.corp.appnexus.com,AVAILABILITY,domains.list,domains.list,2021-07-01 20:24:11.085978,a7aa659d3fd5ff609e9e03a4
01-sql-dev-nym1.ad.corp.appnexus.com,AVAILABILITY,domains.list,domains.list,2021-07-01 20:24:15.454762,a7aa659d3fd5ff609e9e03a4
01-sql-test-nym.ad.corp.appnexus.com,AVAILABILITY,domains.list,domains.list,2021-07-01 20:24:15.630671,a7aa659d3fd5ff609e9e03a4
01-sun-dev-nym1.ad.corp.appnexus.com,AVAILABILITY,domains.list,domains.list,2021-07-01 20:24:15.769276,a7aa659d3fd5ff609e9e03a4
01-sun-dr-lax.ad.corp.appnexus.com,AVAILABILITY,domains.list,domains.list,2021-07-01 20:24:19.987340,a7aa659d3fd5ff609e9e03a4
01-vidyo-router.ams1.appnexus.com,AVAILABILITY,domains.list,domains.list,2021-07-01 20:24:20.218573,a7aa659d3fd5ff609e9e03a4
01-vidyo-router.lax1.appnexus.com,AVAILABILITY,domains.list,domains.list,2021-07-01 20:24:20.514040,a7aa659d3fd5ff609e9e03a4
01-vidyo-router.nyc2.appnexus.com,AVAILABILITY,domains.list,domains.list,2021-07-01 20:24:20.946061,a7aa659d3fd5ff609e9e03a4
01-winadmin-nym2.ad.corp.appnexus.com,AVAILABILITY,domains.list,domains.list,2021-07-01 20:24:25.337638,a7aa659d3fd5ff609e9e03a4
01-winbuild-nym2.ad.corp.appnexus.com,AVAILABILITY,domains.list,domains.list,2021-07-01 20:24:25.545537,a7aa659d3fd5ff609e9e03a4
01-winlog-nym2.ad.corp.appnexus.com,AVAILABILITY,domains.list,domains.list,2021-07-01 20:24:25.715561,a7aa659d3fd5ff609e9e03a4
01.accountkit.com,AVAILABILITY,domains.list,domains.list,2021-07-01 20:24:26.164907,a7aa659d3fd5ff609e9e03a4
01.adnxs.com,AVAILABILITY,domains.list,domains.list,2021-07-01 20:24:31.736152,a7aa659d3fd5ff609e9e03a4
01.aweber.com,AVAILABILITY,domains.list,domains.list,2021-07-01 20:24:32.625494,a7aa659d3fd5ff609e9e03a4
01.config.parsely.com,AVAILABILITY,domains.list,domains.list,2021-07-01 20:24:32.934513,a7aa659d3fd5ff609e9e03a4
01.creativecdn.com,AVAILABILITY,domains.list,domains.list,2021-07-01 20:24:33.189732,a7aa659d3fd5ff609e9e03a4
01.evgnet.com,AVAILABILITY,domains.list,domains.list,2021-07-01 20:24:33.592613,a7aa659d3fd5ff609e9e03a4
01.ewares.org,AVAILABILITY,domains.list,domains.list,2021-07-01 20:24:34.851951,a7aa659d3fd5ff609e9e03a4
01.jamf-fe.nym2.appnexus.com,AVAILABILITY,domains.list,domains.list,2021-07-01 20:24:35.080454,a7aa659d3fd5ff609e9e03a4
01.kdc.fra1.appnexus.com,AVAILABILITY,domains.list,domains.list,2021-07-01 20:24:55.437460,a7aa659d3fd5ff609e9e03a4
01.kdc.lax1.appnexus.com,AVAILABILITY,domains.list,domains.list,2021-07-01 20:24:55.725446,a7aa659d3fd5ff609e9e03a4
01.krbize.ams1.appnexus.com,AVAILABILITY,domains.list,domains.list,2021-07-01 20:24:56.207472,a7aa659d3fd5ff609e9e03a4
01.krbize.nym2.appnexus.com,AVAILABILITY,domains.list,domains.list,2021-07-01 20:25:01.817359,a7aa659d3fd5ff609e9e03a4
01.lg.lax1.appnexus.com,AVAILABILITY,domains.list,domains.list,2021-07-01 20:25:22.171232,a7aa659d3fd5ff609e9e03a4
01.loggly.com,AVAILABILITY,domains.list,domains.list,2021-07-01 20:25:27.611064,a7aa659d3fd5ff609e9e03a4
01.nakanohito.jp,AVAILABILITY,domains.list,domains.list,2021-07-01 20:25:29.502111,a7aa659d3fd5ff609e9e03a4
01.onesignal.com,AVAILABILITY,domains.list,domains.list,2021-07-01 20:25:29.621654,a7aa659d3fd5ff609e9e03a4
01.pbx.nyc2.appnexus.com,AVAILABILITY,domains.list,domains.list,2021-07-01 20:25:49.843776,a7aa659d3fd5ff609e9e03a4
01.ptp22.com,AVAILABILITY,domains.list,domains.list,2021-07-01 20:26:24.026351,a7aa659d3fd5ff609e9e03a4
01.racingturtlesg07.000webhostapp.com,AVAILABILITY,domains.list,domains.list,2021-07-01 20:26:28.700118,a7aa659d3fd5ff609e9e03a4
01.rrsecrets.pay.clickbank.net,AVAILABILITY,domains.list,domains.list,2021-07-01 20:26:29.123607,a7aa659d3fd5ff609e9e03a4
01.spylog.com,AVAILABILITY,domains.list,domains.list,2021-07-01 20:26:29.416603,a7aa659d3fd5ff609e9e03a4
01.vidyo-gw.nyc2.appnexus.com,AVAILABILITY,domains.list,domains.list,2021-07-01 20:26:29.701255,a7aa659d3fd5ff609e9e03a4
01.wiki.nym2.appnexus.com,AVAILABILITY,domains.list,domains.list,2021-07-01 20:26:36.069440,a7aa659d3fd5ff609e9e03a4
010-dpe-590.mktoresp.com,AVAILABILITY,domains.list,domains.list,2021-07-01 20:26:36.275647,a7aa659d3fd5ff609e9e03a4
010-fku-440.mktoresp.com,AVAILABILITY,domains.list,domains.list,2021-07-01 20:26:36.671807,a7aa659d3fd5ff609e9e03a4
010-ich-607.mktoresp.com,AVAILABILITY,domains.list,domains.list,2021-07-01 20:26:36.834275,a7aa659d3fd5ff609e9e03a4
010-jli-394.mktoweb.com,AVAILABILITY,domains.list,domains.list,2021-07-01 20:26:37.026386,a7aa659d3fd5ff609e9e03a4
010-knz-501.mktoresp.com,AVAILABILITY,domains.list,domains.list,2021-07-01 20:26:37.339793,a7aa659d3fd5ff609e9e03a4
010-thk-506.mktoresp.com,AVAILABILITY,domains.list,domains.list,2021-07-01 20:26:37.644907,a7aa659d3fd5ff609e9e03a4
010.aweber.com,AVAILABILITY,domains.list,domains.list,2021-07-01 20:26:37.879702,a7aa659d3fd5ff609e9e03a4
0101argentinaweb.000webhostapp.com,AVAILABILITY,domains.list,domains.list,2021-07-01 20:26:39.510731,a7aa659d3fd5ff609e9e03a4
0101marketing.clickfunnels.com,AVAILABILITY,domains.list,domains.list,2021-07-01 20:26:39.737027,a7aa659d3fd5ff609e9e03a4
01036665cb9dbeb3970a3ca56370824b.redinuid.imrworldwide.com,AVAILABILITY,domains.list,domains.list,2021-07-01 20:26:40.149527,a7aa659d3fd5ff609e9e03a4
010league0flegends010euw0.000webhostapp.com,AVAILABILITY,domains.list,domains.list,2021-07-01 20:26:43.047361,a7aa659d3fd5ff609e9e03a4
011-bza-849.mktoresp.com,AVAILABILITY,domains.list,domains.list,2021-07-01 20:26:43.207232,a7aa659d3fd5ff609e9e03a4
011-esv-261.mktoresp.com,AVAILABILITY,domains.list,domains.list,2021-07-01 20:26:43.428176,a7aa659d3fd5ff609e9e03a4
011-esv-261.mktoweb.com,AVAILABILITY,domains.list,domains.list,2021-07-01 20:26:48.899262,a7aa659d3fd5ff609e9e03a4
011-qro-092.mktoresp.com,AVAILABILITY,domains.list,domains.list,2021-07-01 20:26:54.478051,a7aa659d3fd5ff609e9e03a4
011-twk-636.mktoresp.com,AVAILABILITY,domains.list,domains.list,2021-07-01 20:26:54.819646,a7aa659d3fd5ff609e9e03a4
011-ubx-120.mktoresp.com,AVAILABILITY,domains.list,domains.list,2021-07-01 20:26:55.195666,a7aa659d3fd5ff609e9e03a4
011-vjc-930.mktoresp.com,AVAILABILITY,domains.list,domains.list,2021-07-01 20:26:55.355365,a7aa659d3fd5ff609e9e03a4
011-whr-236.mktoweb.com,AVAILABILITY,domains.list,domains.list,2021-07-01 20:26:55.540109,a7aa659d3fd5ff609e9e03a4
011101192019010928nonamesecurity.000webhostapp.com,AVAILABILITY,domains.list,domains.list,2021-07-01 20:27:02.442925,a7aa659d3fd5ff609e9e03a4
011101192019010931nonamesecurity.000webhostapp.com,AVAILABILITY,domains.list,domains.list,2021-07-01 20:27:03.600605,a7aa659d3fd5ff609e9e03a4
011101192019010932nonamesecurity.000webhostapp.com,AVAILABILITY,domains.list,domains.list,2021-07-01 20:27:10.506432,a7aa659d3fd5ff609e9e03a4
011732amp.altdailyv.hop.clickbank.net,AVAILABILITY,domains.list,domains.list,2021-07-01 20:27:11.395978,a7aa659d3fd5ff609e9e03a4
011732amp.atweets.hop.clickbank.net,AVAILABILITY,domains.list,domains.list,2021-07-01 20:27:18.768740,a7aa659d3fd5ff609e9e03a4
011732amp.decimator.hop.clickbank.net,AVAILABILITY,domains.list,domains.list,2021-07-01 20:27:19.398352,a7aa659d3fd5ff609e9e03a4
011732amp.easiest123.hop.clickbank.net,AVAILABILITY,domains.list,domains.list,2021-07-01 20:27:19.801062,a7aa659d3fd5ff609e9e03a4
011732amp.ezpayjobs.hop.clickbank.net,AVAILABILITY,domains.list,domains.list,2021-07-01 20:27:20.112193,a7aa659d3fd5ff609e9e03a4
011732amp.fmwebs.hop.clickbank.net,AVAILABILITY,domains.list,domains.list,2021-07-01 20:27:20.538433,a7aa659d3fd5ff609e9e03a4
011732amp.indiancook.hop.clickbank.net,AVAILABILITY,domains.list,domains.list,2021-07-01 20:27:21.225964,a7aa659d3fd5ff609e9e03a4
011961.parkingcrew.net,AVAILABILITY,domains.list,domains.list,2021-07-01 20:27:32.178138,a7aa659d3fd5ff609e9e03a4
011i5.voluumtrk.com,AVAILABILITY,domains.list,domains.list,2021-07-01 20:27:37.760931,a7aa659d3fd5ff609e9e03a4
012-akx-723.mktoresp.com,AVAILABILITY,domains.list,domains.list,2021-07-01 20:27:38.134290,a7aa659d3fd5ff609e9e03a4
012-bvz-318.mktoresp.com,AVAILABILITY,domains.list,domains.list,2021-07-01 20:27:38.313284,a7aa659d3fd5ff609e9e03a4
012-lfy-183.mktoweb.com,AVAILABILITY,domains.list,domains.list,2021-07-01 20:27:38.516726,a7aa659d3fd5ff609e9e03a4
012.2o7.net,AVAILABILITY,domains.list,domains.list,2021-07-01 20:27:43.970607,a7aa659d3fd5ff609e9e03a4
013-gax-394.mktoresp.com,AVAILABILITY,domains.list,domains.list,2021-07-01 20:27:44.193982,a7aa659d3fd5ff609e9e03a4
013-hwd-293.mktoresp.com,AVAILABILITY,domains.list,domains.list,2021-07-01 20:27:44.416726,a7aa659d3fd5ff609e9e03a4
013-pil-277.mktoweb.com,AVAILABILITY,domains.list,domains.list,2021-07-01 20:27:44.636777,a7aa659d3fd5ff609e9e03a4
013-xqf-706.mktoweb.com,AVAILABILITY,domains.list,domains.list,2021-07-01 20:27:45.111841,a7aa659d3fd5ff609e9e03a4
013031.parkingcrew.net,AVAILABILITY,domains.list,domains.list,2021-07-01 20:27:45.398587,a7aa659d3fd5ff609e9e03a4
013092e358294faa4.crazyegg.com,AVAILABILITY,domains.list,domains.list,2021-07-01 20:27:46.243774,a7aa659d3fd5ff609e9e03a4
0138b04fc493494e96a6065db3048807-964d5cc6cbb7.cdn.usw.forter.com,AVAILABILITY,domains.list,domains.list,2021-07-01 20:27:46.535431,a7aa659d3fd5ff609e9e03a4
014-clr-420.mktoresp.com,AVAILABILITY,domains.list,domains.list,2021-07-01 20:27:46.820607,a7aa659d3fd5ff609e9e03a4
014-fop-614.mktoresp.com,AVAILABILITY,domains.list,domains.list,2021-07-01 20:27:52.271750,a7aa659d3fd5ff609e9e03a4
014-fop-614.mktoweb.com,AVAILABILITY,domains.list,domains.list,2021-07-01 20:27:52.620126,a7aa659d3fd5ff609e9e03a4
014-hxa-519.mktoresp.com,AVAILABILITY,domains.list,domains.list,2021-07-01 20:27:53.057150,a7aa659d3fd5ff609e9e03a4
014-jxe-363.mktoweb.com,AVAILABILITY,domains.list,domains.list,2021-07-01 20:27:53.300797,a7aa659d3fd5ff609e9e03a4
014-pbz-107.mktoresp.com,AVAILABILITY,domains.list,domains.list,2021-07-01 20:27:58.680199,a7aa659d3fd5ff609e9e03a4
014-zkz-058.mktoresp.com,AVAILABILITY,domains.list,domains.list,2021-07-01 20:27:58.819611,a7aa659d3fd5ff609e9e03a4
015-iic-536.mktoresp.com,AVAILABILITY,domains.list,domains.list,2021-07-01 20:28:04.328115,a7aa659d3fd5ff609e9e03a4
015-oka-187.mktoresp.com,AVAILABILITY,domains.list,domains.list,2021-07-01 20:28:09.777486,a7aa659d3fd5ff609e9e03a4
015-oka-187.mktoweb.com,AVAILABILITY,domains.list,domains.list,2021-07-01 20:28:15.479350,a7aa659d3fd5ff609e9e03a4
015-qaz-212.mktoresp.com,AVAILABILITY,domains.list,domains.list,2021-07-01 20:28:20.843180,a7aa659d3fd5ff609e9e03a4
015-rwv-322.mktoweb.com,AVAILABILITY,domains.list,domains.list,2021-07-01 20:28:21.255112,a7aa659d3fd5ff609e9e03a4
015-udt-770.mktoweb.com,AVAILABILITY,domains.list,domains.list,2021-07-01 20:28:21.459991,a7aa659d3fd5ff609e9e03a4
015.aweber.com,AVAILABILITY,domains.list,domains.list,2021-07-01 20:28:22.337496,a7aa659d3fd5ff609e9e03a4
015.dangermouse.skimlinks.com,AVAILABILITY,domains.list,domains.list,2021-07-01 20:28:22.687644,a7aa659d3fd5ff609e9e03a4
0150018n.xn--index-ducation-gkb.net,AVAILABILITY,domains.list,domains.list,2021-07-01 20:28:22.967524,a7aa659d3fd5ff609e9e03a4
0151928bc3b241b9614c17f6476b49bd.redinuid.imrworldwide.com,AVAILABILITY,domains.list,domains.list,2021-07-01 20:28:23.570401,a7aa659d3fd5ff609e9e03a4
01553d34.api.splkmobile.com,AVAILABILITY,domains.list,domains.list,2021-07-01 20:28:43.852022,a7aa659d3fd5ff609e9e03a4
