idna_subject,checker_type,destination,tested_at
2fgingermedia.adk2x.com,AVAILABILITY,domains.list,2021-03-25 01:18:15.944137
2fspeednetwork14.adk2x.com,AVAILABILITY,domains.list,2021-03-25 01:18:33.734429
2x-sunset.adcolony.com,AVAILABILITY,domains.list,2021-03-25 02:00:01.620835
002-1573235679.ap-northeast-1.elb.amazonaws.com,AVAILABILITY,domains.list,2021-06-30 21:46:50.892516
009923gn.000webhostapp.com,AVAILABILITY,domains.list,2021-06-30 21:47:30.778417
023891.000webhostapp.com,AVAILABILITY,domains.list,2021-06-30 21:49:34.414385
0332247.000webhostapp.com,AVAILABILITY,domains.list,2021-06-30 21:50:29.152149
04122016.000webhostapp.com,AVAILABILITY,domains.list,2021-06-30 21:50:57.692455
07051927036.000webhostapp.com,AVAILABILITY,domains.list,2021-06-30 21:52:30.059776
09099808900090909.000webhostapp.com,AVAILABILITY,domains.list,2021-06-30 21:53:56.220123
100009058.collect.igodigital.com,AVAILABILITY,domains.list,2021-06-30 22:10:13.201485
10000diamondinyouraccount.000webhostapp.com,AVAILABILITY,domains.list,2021-06-30 22:10:29.927469
100011662.collect.igodigital.com,AVAILABILITY,domains.list,2021-06-30 22:10:57.677613
100030570.collect.igodigital.com,AVAILABILITY,domains.list,2021-06-30 22:13:29.549420
100030572.collect.igodigital.com,AVAILABILITY,domains.list,2021-06-30 22:13:30.168755
100030573.collect.igodigital.com,AVAILABILITY,domains.list,2021-06-30 22:13:30.799693
100030574.collect.igodigital.com,AVAILABILITY,domains.list,2021-06-30 22:13:31.352326
100030575.collect.igodigital.com,AVAILABILITY,domains.list,2021-06-30 22:13:31.951010
1000spineveryday.000webhostapp.com,AVAILABILITY,domains.list,2021-06-30 22:14:06.167380
10034.engine.mobileapptracking.com,AVAILABILITY,domains.list,2021-06-30 22:17:07.573424
1006-ant.conversive.nl,AVAILABILITY,domains.list,2021-06-30 22:28:31.798568
10101010ht.000webhostapp.com,AVAILABILITY,domains.list,2021-06-30 22:33:09.579928
1019-ant.conversive.nl,AVAILABILITY,domains.list,2021-06-30 22:45:45.804574
102254000485891.000webhostapp.com,AVAILABILITY,domains.list,2021-06-30 22:46:35.301971
1028-ant.conversive.nl,AVAILABILITY,domains.list,2021-06-30 22:47:47.732539
1030-ant.conversive.nl,AVAILABILITY,domains.list,2021-06-30 22:48:17.399927
1036.vdo.ai,AVAILABILITY,domains.list,2021-06-30 22:49:46.703148
1037369056.000webhostapp.com,AVAILABILITY,domains.list,2021-06-30 22:49:59.581159
1041-ant.conversive.nl,AVAILABILITY,domains.list,2021-06-30 23:04:00.859376
1044-ant.conversive.nl,AVAILABILITY,domains.list,2021-06-30 23:04:25.713313
1045-ant.conversive.nl,AVAILABILITY,domains.list,2021-06-30 23:04:33.485880
1046-ant.conversive.nl,AVAILABILITY,domains.list,2021-06-30 23:04:36.842651
1047-ant.conversive.nl,AVAILABILITY,domains.list,2021-06-30 23:04:42.199355
1051-ant.conversive.nl,AVAILABILITY,domains.list,2021-06-30 23:05:11.557332
1061-ant.conversive.nl,AVAILABILITY,domains.list,2021-06-30 23:06:15.976288
1062253.collect.igodigital.com,AVAILABILITY,domains.list,2021-06-30 23:06:25.201301
1063-ant.conversive.nl,AVAILABILITY,domains.list,2021-06-30 23:06:30.473001
1066-ant.conversive.nl,AVAILABILITY,domains.list,2021-06-30 23:20:50.307231
10670981.collect.igodigital.com,AVAILABILITY,domains.list,2021-06-30 23:20:52.556999
1068-ant.conversive.nl,AVAILABILITY,domains.list,2021-06-30 23:20:55.333133
1069-ant.conversive.nl,AVAILABILITY,domains.list,2021-06-30 23:21:00.925417
107-23-218-180.tworismo.com,AVAILABILITY,domains.list,2021-06-30 23:21:06.286925
107-23-57-65.tworismo.com,AVAILABILITY,domains.list,2021-06-30 23:21:06.802522
1073-ant.conversive.nl,AVAILABILITY,domains.list,2021-06-30 23:21:25.662181
1074-ant.conversive.nl,AVAILABILITY,domains.list,2021-06-30 23:21:38.064694
1076-ant.conversive.nl,AVAILABILITY,domains.list,2021-06-30 23:21:45.602456
1082-ant.conversive.nl,AVAILABILITY,domains.list,2021-06-30 23:22:10.492734
1091.vdo.ai,AVAILABILITY,domains.list,2021-06-30 23:22:56.061709
10959453.collect.igodigital.com,AVAILABILITY,domains.list,2021-07-01 00:27:56.744151
000000000000000ooooo.000webhostapp.com,AVAILABILITY,domains.list,2021-07-01 20:18:01.706918
000hostmeweb.000webhostapp.com,AVAILABILITY,domains.list,2021-07-01 20:18:26.502281
000unlock.000webhostapp.com,AVAILABILITY,domains.list,2021-07-01 20:18:38.654111
000webhos1.000webhostapp.com,AVAILABILITY,domains.list,2021-07-01 20:18:39.693975
001fcl21220costaricaropretiro.000webhostapp.com,AVAILABILITY,domains.list,2021-07-01 20:19:16.511659
001firma03diguitalcostarica.000webhostapp.com,AVAILABILITY,domains.list,2021-07-01 20:19:17.962518
003firma03digiitalcostariccr003.000webhostapp.com,AVAILABILITY,domains.list,2021-07-01 20:20:02.369682
003firma03diguitalcostarica001.000webhostapp.com,AVAILABILITY,domains.list,2021-07-01 20:20:09.843438
007891051100a.000webhostapp.com,AVAILABILITY,domains.list,2021-07-01 20:20:54.275567
00capital0neservice.000webhostapp.com,AVAILABILITY,domains.list,2021-07-01 20:21:27.599751
0101argentinaweb.000webhostapp.com,AVAILABILITY,domains.list,2021-07-01 20:26:39.510731
011101192019010928nonamesecurity.000webhostapp.com,AVAILABILITY,domains.list,2021-07-01 20:27:02.442925
011101192019010932nonamesecurity.000webhostapp.com,AVAILABILITY,domains.list,2021-07-01 20:27:10.506432
012.2o7.net,AVAILABILITY,domains.list,2021-07-01 20:27:43.970607
0422919900.000webhostapp.com,AVAILABILITY,domains.list,2021-07-01 20:43:23.657410
04banglcia04.000webhostapp.com,AVAILABILITY,domains.list,2021-07-01 20:44:01.355485
08sc9.dnset.com,AVAILABILITY,domains.list,2021-07-01 20:48:21.620425
090564adje.000webhostapp.com,AVAILABILITY,domains.list,2021-07-01 20:48:31.013647
0c004771d2a7ae34b4755f60d704d3db.leial.com,AVAILABILITY,domains.list,2021-07-01 20:49:56.490109
0faucet.000webhostapp.com,AVAILABILITY,domains.list,2021-07-01 20:50:47.075043
0nlinemerketing2.000webhostapp.com,AVAILABILITY,domains.list,2021-07-01 20:52:00.586376
0oszz.survey7.adsservingtwig.xyz,AVAILABILITY,domains.list,2021-07-01 20:52:10.750910
0ov.submittednewbies.com,AVAILABILITY,domains.list,2021-07-01 20:52:32.266753
0web00web.000webhostapp.com,AVAILABILITY,domains.list,2021-07-01 21:03:29.885594
10.72.180.60emea-v3.tracking.justpremium.com,AVAILABILITY,domains.list,2021-07-01 21:24:57.721725
10.creativecdn.com,AVAILABILITY,domains.list,2021-07-01 21:26:26.660131
100things.personality.visualdna.com,AVAILABILITY,domains.list,2021-07-01 21:45:19.636331
1032155592.log.optimizely.com,AVAILABILITY,domains.list,2021-07-01 21:49:30.480079
1060daimondfree.000webhostapp.com,AVAILABILITY,domains.list,2021-07-01 21:52:27.574385
1077.vdo.ai,AVAILABILITY,domains.list,2021-07-01 21:53:47.312911
10876295.log.optimizely.com,AVAILABILITY,domains.list,2021-07-01 21:54:13.664902
10a07to1.000webhostapp.com,AVAILABILITY,domains.list,2021-07-01 22:06:29.733843
10kmojo.000webhostapp.com,AVAILABILITY,domains.list,2021-07-01 22:07:46.056576
1102772932.log.optimizely.com,AVAILABILITY,domains.list,2021-07-01 22:20:38.270399
111098888.000webhostapp.com,AVAILABILITY,domains.list,2021-07-01 22:21:01.643313
11111211111311111.000webhostapp.com,AVAILABILITY,domains.list,2021-07-01 22:21:06.493178
1124-build-testing-api.k8s.test-001.d-usw-2.braze.com,AVAILABILITY,domains.list,2021-07-01 22:21:28.828165
1124-build-testing-dashboard.k8s.test-001.d-usw-2.braze.com,AVAILABILITY,domains.list,2021-07-01 22:21:29.178599
11262.engine.mobileapptracking.com,AVAILABILITY,domains.list,2021-07-01 22:21:30.266973
112991d3-surmt4v9.cname.ebis.ne.jp,AVAILABILITY,domains.list,2021-07-01 22:21:35.928695
113083348-prod.rfksrv.com,AVAILABILITY,domains.list,2021-07-01 22:21:44.967289
1183.vdo.ai,AVAILABILITY,domains.list,2021-07-01 22:23:35.103936
119665466.log.optimizely.com,AVAILABILITY,domains.list,2021-07-01 22:23:59.592413
11palec.000webhostapp.com,AVAILABILITY,domains.list,2021-07-01 22:24:42.030159
122kr.ixiaa.com,AVAILABILITY,domains.list,2021-07-01 22:25:40.163519
123141sdsdasdasd.000webhostapp.com,AVAILABILITY,domains.list,2021-07-01 22:25:54.687360
1231qweqw123.000webhostapp.com,AVAILABILITY,domains.list,2021-07-01 22:25:56.081299
1232galcia.000webhostapp.com,AVAILABILITY,domains.list,2021-07-01 22:25:59.853567
12342536734.000webhostapp.com,AVAILABILITY,domains.list,2021-07-01 22:26:04.783968
123456788.000webhostapp.com,AVAILABILITY,domains.list,2021-07-01 22:26:13.559164
1234intro.000webhostapp.com,AVAILABILITY,domains.list,2021-07-01 22:26:18.134493
12397523494.log.optimizely.com,AVAILABILITY,domains.list,2021-07-01 22:26:33.531884
123online23456789.000webhostapp.com,AVAILABILITY,domains.list,2021-07-01 22:26:53.985157
124insta3gram.000webhostapp.com,AVAILABILITY,domains.list,2021-07-01 22:27:08.063588
1265.vdo.ai,AVAILABILITY,domains.list,2021-07-01 22:27:34.522471
12835454d2b1a4f8ac782fb13e6e8a3e.giolk.com,AVAILABILITY,domains.list,2021-07-01 22:38:40.469847
129921870.log.optimizely.com,AVAILABILITY,domains.list,2021-07-01 22:38:51.682530
12signes.000webhostapp.com,AVAILABILITY,domains.list,2021-07-01 22:39:01.757325
13194030263.log.optimizely.com,AVAILABILITY,domains.list,2021-07-01 22:40:04.869759
133kr.ixiaa.com,AVAILABILITY,domains.list,2021-07-01 22:40:34.471341
13700.engine.mobileapptracking.com,AVAILABILITY,domains.list,2021-07-01 22:42:01.275073
1376.vdo.ai,AVAILABILITY,domains.list,2021-07-01 22:42:42.371371
137852403.log.optimizely.com,AVAILABILITY,domains.list,2021-07-01 22:42:45.382245
13cucc.000webhostapp.com,AVAILABILITY,domains.list,2021-07-01 22:43:27.686818
14.teleplay.info,AVAILABILITY,domains.list,2021-07-01 22:43:45.117620
1400.vdo.ai,AVAILABILITY,domains.list,2021-07-01 22:43:59.873628
1406.vdo.ai,AVAILABILITY,domains.list,2021-07-01 22:56:40.526723
1410.vdo.ai,AVAILABILITY,domains.list,2021-07-01 22:57:07.388635
1414113.collect.igodigital.com,AVAILABILITY,domains.list,2021-07-01 22:57:27.865920
142100ikafebrianti.000webhostapp.com,AVAILABILITY,domains.list,2021-07-01 22:57:42.575153
1432free.000webhostapp.com,AVAILABILITY,domains.list,2021-07-01 22:58:16.574625
1471.vdo.ai,AVAILABILITY,domains.list,2021-07-01 23:00:27.508395
147301.000webhostapp.com,AVAILABILITY,domains.list,2021-07-01 23:13:20.820257
14c109c87695e8541c7ab32766b7c38e.leial.com,AVAILABILITY,domains.list,2021-07-01 23:16:44.926262
15-5-chan.awsmppl.com,AVAILABILITY,domains.list,2021-07-01 23:29:30.277488
152851240.log.optimizely.com,AVAILABILITY,domains.list,2021-07-01 23:47:20.974122
15416.engine.mobileapptracking.com,AVAILABILITY,domains.list,2021-07-01 23:47:53.453343
15520.engine.mobileapptracking.com,AVAILABILITY,domains.list,2021-07-01 23:48:02.137940
1554601291.log.optimizely.com,AVAILABILITY,domains.list,2021-07-01 23:48:05.789452
15618.engine.mobileapptracking.com,AVAILABILITY,domains.list,2021-07-01 23:48:21.343272
15d05f9d7b8e1d91162f2a1d32f0aada.appboy.com,AVAILABILITY,domains.list,2021-07-01 23:49:02.618503
161.vdo.ai,AVAILABILITY,domains.list,2021-07-02 00:05:00.400473
16121612.000webhostapp.com,AVAILABILITY,domains.list,2021-07-02 00:05:38.605177
1622500037.000webhostapp.com,AVAILABILITY,domains.list,2021-07-02 00:19:56.350796
164772.engine.mobileapptracking.com,AVAILABILITY,domains.list,2021-07-02 00:20:29.563360
16522.engine.mobileapptracking.com,AVAILABILITY,domains.list,2021-07-02 00:20:43.986537
167154.engine.mobileapptracking.com,AVAILABILITY,domains.list,2021-07-02 00:21:11.251380
16772.engine.mobileapptracking.com,AVAILABILITY,domains.list,2021-07-02 00:21:14.929551
169452.engine.mobileapptracking.com,AVAILABILITY,domains.list,2021-07-02 00:21:36.173485
169860.engine.mobileapptracking.com,AVAILABILITY,domains.list,2021-07-02 00:21:38.237205
17058.engine.mobileapptracking.com,AVAILABILITY,domains.list,2021-07-02 00:22:12.572718
170702.engine.mobileapptracking.com,AVAILABILITY,domains.list,2021-07-02 00:22:13.178189
1717jackwills.000webhostapp.com,AVAILABILITY,domains.list,2021-07-02 00:22:32.288469
1718.vdo.ai,AVAILABILITY,domains.list,2021-07-02 00:22:47.959882
1720.vdo.ai,AVAILABILITY,domains.list,2021-07-02 00:38:09.362710
173514.engine.mobileapptracking.com,AVAILABILITY,domains.list,2021-07-02 00:38:37.785093
17450.engine.mobileapptracking.com,AVAILABILITY,domains.list,2021-07-02 00:55:21.684316
174840.engine.mobileapptracking.com,AVAILABILITY,domains.list,2021-07-02 00:55:23.758545
178852.engine.mobileapptracking.com,AVAILABILITY,domains.list,2021-07-02 01:11:41.908000
17c423e80b16e00e38eaeb696058bd42.dhalk.com,AVAILABILITY,domains.list,2021-07-02 01:27:12.103859
18.creativecdn.com,AVAILABILITY,domains.list,2021-07-02 01:43:32.873896
1809.vdo.ai,AVAILABILITY,domains.list,2021-07-02 02:17:05.246958
1814.vdo.ai,AVAILABILITY,domains.list,2021-07-02 03:05:44.781358
1835.engine.mobileapptracking.com,AVAILABILITY,domains.list,2021-07-02 03:21:52.941093
188820.engine.mobileapptracking.com,AVAILABILITY,domains.list,2021-07-02 18:11:24.750292
189570.engine.mobileapptracking.com,AVAILABILITY,domains.list,2021-07-02 22:00:12.079994
189628.engine.mobileapptracking.com,AVAILABILITY,domains.list,2021-07-02 22:00:12.468178
18965huynhanhthu.000webhostapp.com,AVAILABILITY,domains.list,2021-07-02 22:00:15.064364
189732.engine.mobileapptracking.com,AVAILABILITY,domains.list,2021-07-02 23:22:25.505395
189904.engine.mobileapptracking.com,AVAILABILITY,domains.list,2021-07-03 07:32:47.081126
18longxiaofeng.000webhostapp.com,AVAILABILITY,domains.list,2021-07-04 00:25:34.301839
